<?xml version="1.0" encoding="UTF-8"?>
<project-private xmlns="http://www.netbeans.org/ns/project-private/1">
    <editor-bookmarks xmlns="http://www.netbeans.org/ns/editor-bookmarks/2" lastBookmarkId="0"/>
    <open-files xmlns="http://www.netbeans.org/ns/projectui-open-files/2">
        <group>
            <file>file:/D:/Algo/30/домашка/Count_Min_Sketch/Count_Min_Sketch_App/src/count_min_sketch_app/Count_Min_Sketch_App.java</file>
            <file>file:/D:/Algo/30/домашка/Count_Min_Sketch/Count_Min_Sketch_App/src/count_min_sketch_app/CMSketch.java</file>
        </group>
    </open-files>
</project-private>
